route_number,stop_number,stop_name,sequence
102,1,BROADWAY,1
102,2,SECRETARIAT,2
102,3,CHEPAUK,3
102,4,Q.M.C,4
102,5,FORESHORE ESTATE,5
102,6,A.M.S.HOSPITAL,6
102,7,ADYAR O.T.,7
102,8,INDIRA NAGAR WATER TANK,8
102,9,SRP TOOLS,9
102,10,KANDANCHAVADI,10
102,11,THORAPPAKKAM TEA SHOP,11
102,12,MOOTAKARAN CHAVADI,12
102,13,KARAPAKKAM,13
102,14,SHOZHANGANALLUR P.U.OFFICE,14
102,15,KUMARAN NAGAR,15
102,16,SEMMANCHERI,16
102,17,NAVALUR,17
102,18,CHURCH,18
102,19,PALAVASTHIC CHEMICALS,19
102,20,HINDUSTAN ENG. COLLEGE,20
102,21,KELAMBAKKAM,21
